{
  "AR_tag_list": [
    12,
    21,
    1
  ],
  "map": [
    [
      0.4811712085217913,
      1.312277173564082,
      0.2142095309083417
    ],
    [
      0.17877128568016562,
      0.7024867119781368,
      0.05741599769371467
    ]
  ],
  "covariance": [
    [
      0.007116776252340643,
      5.862137424225722e-06,
      0.0008689732824719803,
      -6.510463600315214e-05,
      0.0013416101203952877,
      0.0001571975397755892
    ],
    [
      5.8621373644338644e-06,
      0.006600499389111949,
      6.49941013361451e-05,
      0.00017795684470697857,
      7.438790341893988e-05,
      0.0008408853544434147
    ],
    [
      0.0008689732824709763,
      6.499410134435972e-05,
      0.0062247005820860865,
      -5.710923869431352e-05,
      0.0013339372509093455,
      0.0003558357364252228
    ],
    [
      -6.510463601228292e-05,
      0.000177956844705679,
      -5.710923875942588e-05,
      0.005371682974467068,
      -3.0760638720727753e-05,
      0.0003915734030385826
    ],
    [
      0.001341610120397523,
      7.438790341628795e-05,
      0.0013339372509088062,
      -3.076063871397748e-05,
      0.006384273569042151,
      0.0010891216056718698
    ],
    [
      0.0001571975397728954,
      0.0008408853544415849,
      0.00035583573642128727,
      0.000391573403041645,
      0.001089121605755621,
      0.004982648315038885
    ]
  ]
}